{
  "apkFileName": "ProScan_signed_src.apk",
  "PackageInfo": {
    "forcedPackageId": "127",
    "renameManifestPackage": null
  },
  "doNotCompress": [
    "resources.arsc",
    "META-INF/services/y8.r",
    "META-INF/services/v8.Q",
    "META-INF/services/j9.a",
    "META-INF/services/v8.N",
    "META-INF/services/q2.a",
    "META-INF/services/e2.c",
    "META-INF/services/i2.b",
    "META-INF/services/i9.t",
    "META-INF/services/v8.e0",
    "png",
    "ogg",
    "lib/arm64-v8a/libdatastore_shared_counter.so",
    "lib/arm64-v8a/libsurface_util_jni.so",
    "lib/arm64-v8a/libcrashlytics-common.so",
    "lib/arm64-v8a/libcrashlytics-trampoline.so",
    "lib/arm64-v8a/libimage_processing_util_jni.so",
    "lib/arm64-v8a/libcrashlytics.so",
    "lib/arm64-v8a/libcrashlytics-handler.so",
    "assets/dexopt/baseline.profm",
    "assets/dexopt/baseline.prof"
  ],
  "compressionType": false,
  "sparseResources": false,
  "version": "2.4.0-250916",
  "sharedLibrary": false,
  "VersionInfo": {
    "versionName": "2.4.4",
    "versionCode": "24"
  },
  "UsesFramework": {
    "ids": [1],
    "tag": null
  },
  "unknownFiles": {},
  "apkFilePath": "/storage/emulated/0/APK PROJECTS/ProScan_signed.apk",
  "compactEntries": false,
  "isFrameworkApk": false,
  "sdkInfo": {
    "minSdkVersion": "21",
    "targetSdkVersion": "36"
  }
}